{"ranging_low_vol": {"mean_return": 1.2746670104317705e-05, "mean_vol": 0.0007845914465369669, "count": 1259}, "trending_high_vol": {"mean_return": 0.001503083960266317, "mean_vol": 0.0017005799020061462, "count": 756}, "ranging_high_vol": {"mean_return": -9.526349873388291e-05, "mean_vol": 0.003003186627012181, "count": 1117}, "trending_low_vol": {"mean_return": -0.0009700451345964335, "mean_vol": 0.0015131169210452254, "count": 992}, "extreme_vol": {"mean_return": -0.0006156612462880342, "mean_vol": 0.007421428334147402, "count": 262}}