{"trending_low_vol": {"mean_return": 0.00019220618330101434, "mean_vol": 0.00172063086953884, "count": 1032}, "trending_high_vol": {"mean_return": 0.0003295803978080406, "mean_vol": 0.0031189994638300294, "count": 1192}, "ranging_low_vol": {"mean_return": 5.254243622662075e-05, "mean_vol": 0.0008430335881060826, "count": 622}, "ranging_high_vol": {"mean_return": 0.00010985674077603672, "mean_vol": 0.00568396246372981, "count": 1165}, "extreme_vol_2": {"mean_return": -0.001376637772237241, "mean_vol": 0.015476115723321244, "count": 377}, "extreme_vol": {"mean_return": 0.11749765220602071, "mean_vol": 0.052296857756117116, "count": 3}}