{"ranging_high_vol": {"mean_return": -5.358318631058696e-05, "mean_vol": 0.0014863692799022747, "count": 1113}, "trending_low_vol": {"mean_return": 5.905938177266881e-05, "mean_vol": 0.0004390975487055473, "count": 999}, "ranging_low_vol": {"mean_return": -5.7588707455992624e-05, "mean_vol": 0.0008386445124855012, "count": 1723}, "trending_high_vol": {"mean_return": 9.146409034517907e-05, "mean_vol": 0.0029325362039007274, "count": 576}, "extreme_vol": {"mean_return": 0.0038838477636460498, "mean_vol": 0.014274215197832741, "count": 6}}